year,commodity,item,value,unit
1970,"Lettuce, head/iceberg",Constant 2017 dollars,23.53116021,U.S. dollars per hundredweight
1970,"Lettuce, head/iceberg",Domestic availability,4588.3,Million pounds
1970,"Lettuce, head/iceberg",Current dollars,4.75,U.S. dollars per hundredweight
1970,"Lettuce, head/iceberg",Production,4836.5,Million pounds
1970,"Lettuce, head/iceberg",Per capita availability,22.37627529,Pounds
1970,"Lettuce, head/iceberg",Imports,2.3,Million pounds
1970,"Lettuce, head/iceberg",Exports,250.5,Million pounds
1970,"Lettuce, head/iceberg",Total supply,4838.8,Million pounds
1971,"Lettuce, head/iceberg",Exports,292.8,Million pounds
1971,"Lettuce, head/iceberg",Imports,4.5,Million pounds
1971,"Lettuce, head/iceberg",Per capita availability,22.38455945,Pounds
1971,"Lettuce, head/iceberg",Total supply,4941.2,Million pounds
1971,"Lettuce, head/iceberg",Production,4936.7,Million pounds
1971,"Lettuce, head/iceberg",Current dollars,6.31,U.S. dollars per hundredweight
1971,"Lettuce, head/iceberg",Domestic availability,4648.4,Million pounds
1971,"Lettuce, head/iceberg",Constant 2017 dollars,29.74871529,U.S. dollars per hundredweight
1972,"Lettuce, head/iceberg",Constant 2017 dollars,25.89479393,U.S. dollars per hundredweight
1972,"Lettuce, head/iceberg",Domestic availability,4709.9,Million pounds
1972,"Lettuce, head/iceberg",Current dollars,5.73,U.S. dollars per hundredweight
1972,"Lettuce, head/iceberg",Production,5047,Million pounds
1972,"Lettuce, head/iceberg",Per capita availability,22.43920799,Pounds
1972,"Lettuce, head/iceberg",Imports,1.2,Million pounds
1972,"Lettuce, head/iceberg",Exports,338.3,Million pounds
1972,"Lettuce, head/iceberg",Total supply,5048.2,Million pounds
1973,"Lettuce, head/iceberg",Exports,345.5,Million pounds
1973,"Lettuce, head/iceberg",Imports,1.9,Million pounds
1973,"Lettuce, head/iceberg",Per capita availability,23.12266114,Pounds
1973,"Lettuce, head/iceberg",Total supply,5245.4,Million pounds
1973,"Lettuce, head/iceberg",Production,5243.5,Million pounds
1973,"Lettuce, head/iceberg",Current dollars,7.4,U.S. dollars per hundredweight
1973,"Lettuce, head/iceberg",Domestic availability,4899.9,Million pounds
1973,"Lettuce, head/iceberg",Constant 2017 dollars,31.70522708,U.S. dollars per hundredweight
1974,"Lettuce, head/iceberg",Constant 2017 dollars,27.24699222,U.S. dollars per hundredweight
1974,"Lettuce, head/iceberg",Domestic availability,5025.8,Million pounds
1974,"Lettuce, head/iceberg",Current dollars,6.93,U.S. dollars per hundredweight
1974,"Lettuce, head/iceberg",Production,5323.1,Million pounds
1974,"Lettuce, head/iceberg",Per capita availability,23.50108018,Pounds
1974,"Lettuce, head/iceberg",Imports,3.3,Million pounds
1974,"Lettuce, head/iceberg",Total supply,5326.4,Million pounds
1974,"Lettuce, head/iceberg",Exports,300.6,Million pounds
1975,"Lettuce, head/iceberg",Exports,329.6,Million pounds
1975,"Lettuce, head/iceberg",Imports,2.2,Million pounds
1975,"Lettuce, head/iceberg",Per capita availability,23.53720141,Pounds
1975,"Lettuce, head/iceberg",Total supply,5413,Million pounds
1975,"Lettuce, head/iceberg",Production,5410.8,Million pounds
1975,"Lettuce, head/iceberg",Current dollars,6.71,U.S. dollars per hundredweight
1975,"Lettuce, head/iceberg",Domestic availability,5083.4,Million pounds
1975,"Lettuce, head/iceberg",Constant 2017 dollars,24.14016405,U.S. dollars per hundredweight
1976,"Lettuce, head/iceberg",Production,5640,Million pounds
1976,"Lettuce, head/iceberg",Constant 2017 dollars,28.16517203,U.S. dollars per hundredweight
1976,"Lettuce, head/iceberg",Domestic availability,5282.2,Million pounds
1976,"Lettuce, head/iceberg",Current dollars,8.26,U.S. dollars per hundredweight
1976,"Lettuce, head/iceberg",Imports,3,Million pounds
1976,"Lettuce, head/iceberg",Total supply,5643,Million pounds
1976,"Lettuce, head/iceberg",Per capita availability,24.22638567,Pounds
1976,"Lettuce, head/iceberg",Exports,360.8,Million pounds
1977,"Lettuce, head/iceberg",Current dollars,6.94,U.S. dollars per hundredweight
1977,"Lettuce, head/iceberg",Domestic availability,5687.5,Million pounds
1977,"Lettuce, head/iceberg",Constant 2017 dollars,22.28000899,U.S. dollars per hundredweight
1977,"Lettuce, head/iceberg",Production,6043.2,Million pounds
1977,"Lettuce, head/iceberg",Imports,3.8,Million pounds
1977,"Lettuce, head/iceberg",Per capita availability,25.82421824,Pounds
1977,"Lettuce, head/iceberg",Exports,359.5,Million pounds
1977,"Lettuce, head/iceberg",Total supply,6047,Million pounds
1978,"Lettuce, head/iceberg",Current dollars,9.9,U.S. dollars per hundredweight
1978,"Lettuce, head/iceberg",Domestic availability,5579.9,Million pounds
1978,"Lettuce, head/iceberg",Production,6052.8,Million pounds
1978,"Lettuce, head/iceberg",Constant 2017 dollars,29.69495186,U.S. dollars per hundredweight
1978,"Lettuce, head/iceberg",Per capita availability,25.15263832,Pounds
1978,"Lettuce, head/iceberg",Imports,5.7,Million pounds
1978,"Lettuce, head/iceberg",Exports,459.9,Million pounds
1978,"Lettuce, head/iceberg",Total supply,6058.5,Million pounds
1979,"Lettuce, head/iceberg",Constant 2017 dollars,25.48194106,U.S. dollars per hundredweight
1979,"Lettuce, head/iceberg",Domestic availability,5648.5,Million pounds
1979,"Lettuce, head/iceberg",Current dollars,9.2,U.S. dollars per hundredweight
1979,"Lettuce, head/iceberg",Production,6143.9,Million pounds
1979,"Lettuce, head/iceberg",Imports,13,Million pounds
1979,"Lettuce, head/iceberg",Per capita availability,25.22183466,Pounds
1979,"Lettuce, head/iceberg",Exports,480.6,Million pounds
1979,"Lettuce, head/iceberg",Total supply,6156.9,Million pounds
1980,"Lettuce, head/iceberg",Exports,488.5,Million pounds
1980,"Lettuce, head/iceberg",Imports,15.1,Million pounds
1980,"Lettuce, head/iceberg",Per capita availability,25.74541335,Pounds
1980,"Lettuce, head/iceberg",Total supply,6351.4,Million pounds
1980,"Lettuce, head/iceberg",Production,6336.3,Million pounds
1980,"Lettuce, head/iceberg",Current dollars,8.91,U.S. dollars per hundredweight
1980,"Lettuce, head/iceberg",Domestic availability,5836.9,Million pounds
1980,"Lettuce, head/iceberg",Constant 2017 dollars,22.62857143,U.S. dollars per hundredweight
1981,"Lettuce, head/iceberg",Constant 2017 dollars,25.29471828,U.S. dollars per hundredweight
1981,"Lettuce, head/iceberg",Domestic availability,5728.6,Million pounds
1981,"Lettuce, head/iceberg",Current dollars,10.9,U.S. dollars per hundredweight
1981,"Lettuce, head/iceberg",Production,6268.2,Million pounds
1981,"Lettuce, head/iceberg",Per capita availability,25.02848247,Pounds
1981,"Lettuce, head/iceberg",Imports,11.4,Million pounds
1981,"Lettuce, head/iceberg",Exports,523.9,Million pounds
1981,"Lettuce, head/iceberg",Total supply,6279.6,Million pounds
1982,"Lettuce, head/iceberg",Domestic availability,5789.9,Million pounds
1982,"Lettuce, head/iceberg",Exports,499.3,Million pounds
1982,"Lettuce, head/iceberg",Imports,14.6,Million pounds
1982,"Lettuce, head/iceberg",Per capita availability,25.0236877,Pounds
1982,"Lettuce, head/iceberg",Total supply,6309.5,Million pounds
1982,"Lettuce, head/iceberg",Production,6294.9,Million pounds
1982,"Lettuce, head/iceberg",Current dollars,12.1,U.S. dollars per hundredweight
1982,"Lettuce, head/iceberg",Constant 2017 dollars,26.44461928,U.S. dollars per hundredweight
1983,"Lettuce, head/iceberg",Imports,21.4,Million pounds
1983,"Lettuce, head/iceberg",Domestic availability,5258.6,Million pounds
1983,"Lettuce, head/iceberg",Constant 2017 dollars,25.8702282,U.S. dollars per hundredweight
1983,"Lettuce, head/iceberg",Current dollars,12.3,U.S. dollars per hundredweight
1983,"Lettuce, head/iceberg",Exports,519.2,Million pounds
1983,"Lettuce, head/iceberg",Total supply,5796.9,Million pounds
1983,"Lettuce, head/iceberg",Production,5775.5,Million pounds
1983,"Lettuce, head/iceberg",Per capita availability,22.52472184,Pounds
1984,"Lettuce, head/iceberg",Exports,524.1,Million pounds
1984,"Lettuce, head/iceberg",Imports,32.6,Million pounds
1984,"Lettuce, head/iceberg",Per capita availability,24.98899927,Pounds
1984,"Lettuce, head/iceberg",Total supply,6430.2,Million pounds
1984,"Lettuce, head/iceberg",Production,6397.6,Million pounds
1984,"Lettuce, head/iceberg",Current dollars,10.9,U.S. dollars per hundredweight
1984,"Lettuce, head/iceberg",Domestic availability,5894.7,Million pounds
1984,"Lettuce, head/iceberg",Constant 2017 dollars,22.12658845,U.S. dollars per hundredweight
1985,"Lettuce, head/iceberg",Production,6133.4,Million pounds
1985,"Lettuce, head/iceberg",Constant 2017 dollars,21.25105763,U.S. dollars per hundredweight
1985,"Lettuce, head/iceberg",Domestic availability,5644.9,Million pounds
1985,"Lettuce, head/iceberg",Current dollars,10.8,U.S. dollars per hundredweight
1985,"Lettuce, head/iceberg",Total supply,6171.2,Million pounds
1985,"Lettuce, head/iceberg",Per capita availability,23.75097498,Pounds
1985,"Lettuce, head/iceberg",Imports,37.8,Million pounds
1985,"Lettuce, head/iceberg",Exports,507.4,Million pounds
1986,"Lettuce, head/iceberg",Exports,553.6,Million pounds
1986,"Lettuce, head/iceberg",Imports,20.8,Million pounds
1986,"Lettuce, head/iceberg",Per capita availability,22.00780383,Pounds
1986,"Lettuce, head/iceberg",Total supply,5849.8,Million pounds
1986,"Lettuce, head/iceberg",Production,5829,Million pounds
1986,"Lettuce, head/iceberg",Current dollars,12,U.S. dollars per hundredweight
1986,"Lettuce, head/iceberg",Domestic availability,5279.2,Million pounds
1986,"Lettuce, head/iceberg",Constant 2017 dollars,23.1436837,U.S. dollars per hundredweight
1987,"Lettuce, head/iceberg",Domestic availability,6242.2,Million pounds
1987,"Lettuce, head/iceberg",Current dollars,14.7,U.S. dollars per hundredweight
1987,"Lettuce, head/iceberg",Constant 2017 dollars,27.67006739,U.S. dollars per hundredweight
1987,"Lettuce, head/iceberg",Production,6787.7,Million pounds
1987,"Lettuce, head/iceberg",Per capita availability,25.79652724,Pounds
1987,"Lettuce, head/iceberg",Imports,18.3,Million pounds
1987,"Lettuce, head/iceberg",Exports,542.5,Million pounds
1987,"Lettuce, head/iceberg",Total supply,6806,Million pounds
1988,"Lettuce, head/iceberg",Exports,431.3,Million pounds
1988,"Lettuce, head/iceberg",Imports,37.4,Million pounds
1988,"Lettuce, head/iceberg",Per capita availability,27.16746728,Pounds
1988,"Lettuce, head/iceberg",Total supply,7087.9,Million pounds
1988,"Lettuce, head/iceberg",Production,7050.5,Million pounds
1988,"Lettuce, head/iceberg",Current dollars,14.7,U.S. dollars per hundredweight
1988,"Lettuce, head/iceberg",Domestic availability,6625.4,Million pounds
1988,"Lettuce, head/iceberg",Constant 2017 dollars,26.72581496,U.S. dollars per hundredweight
1989,"Lettuce, head/iceberg",Constant 2017 dollars,22.04377263,U.S. dollars per hundredweight
1989,"Lettuce, head/iceberg",Domestic availability,7095.1,Million pounds
1989,"Lettuce, head/iceberg",Current dollars,12.6,U.S. dollars per hundredweight
1989,"Lettuce, head/iceberg",Production,7523.1,Million pounds
1989,"Lettuce, head/iceberg",Total supply,7558.7,Million pounds
1989,"Lettuce, head/iceberg",Imports,35.6,Million pounds
1989,"Lettuce, head/iceberg",Exports,463.6,Million pounds
1989,"Lettuce, head/iceberg",Per capita availability,28.68538299,Pounds
1990,"Lettuce, head/iceberg",Exports,396.917756,Million pounds
1990,"Lettuce, head/iceberg",Imports,17.2,Million pounds
1990,"Lettuce, head/iceberg",Per capita availability,27.74687862,Pounds
1990,"Lettuce, head/iceberg",Total supply,7337.3,Million pounds
1990,"Lettuce, head/iceberg",Production,7320.1,Million pounds
1990,"Lettuce, head/iceberg",Current dollars,11.5,U.S. dollars per hundredweight
1990,"Lettuce, head/iceberg",Domestic availability,6940.382244,Million pounds
1990,"Lettuce, head/iceberg",Constant 2017 dollars,19.39062842,U.S. dollars per hundredweight
1991,"Lettuce, head/iceberg",Production,7077.8,Million pounds
1991,"Lettuce, head/iceberg",Domestic availability,6602.185547,Million pounds
1991,"Lettuce, head/iceberg",Current dollars,11.4,U.S. dollars per hundredweight
1991,"Lettuce, head/iceberg",Constant 2017 dollars,18.59615353,U.S. dollars per hundredweight
1991,"Lettuce, head/iceberg",Total supply,7098.9,Million pounds
1991,"Lettuce, head/iceberg",Imports,21.1,Million pounds
1991,"Lettuce, head/iceberg",Exports,496.714453,Million pounds
1991,"Lettuce, head/iceberg",Per capita availability,26.04484363,Pounds
1992,"Lettuce, head/iceberg",Exports,476.750188,Million pounds
1992,"Lettuce, head/iceberg",Imports,21.2,Million pounds
1992,"Lettuce, head/iceberg",Per capita availability,25.79059773,Pounds
1992,"Lettuce, head/iceberg",Total supply,7102.2,Million pounds
1992,"Lettuce, head/iceberg",Production,7081,Million pounds
1992,"Lettuce, head/iceberg",Current dollars,12.5,U.S. dollars per hundredweight
1992,"Lettuce, head/iceberg",Domestic availability,6625.449812,Million pounds
1992,"Lettuce, head/iceberg",Constant 2017 dollars,19.93588619,U.S. dollars per hundredweight
1993,"Lettuce, head/iceberg",Constant 2017 dollars,24.92638926,U.S. dollars per hundredweight
1993,"Lettuce, head/iceberg",Domestic availability,6350.231231,Million pounds
1993,"Lettuce, head/iceberg",Current dollars,16,U.S. dollars per hundredweight
1993,"Lettuce, head/iceberg",Production,6781.1,Million pounds
1993,"Lettuce, head/iceberg",Per capita availability,24.40003547,Pounds
1993,"Lettuce, head/iceberg",Imports,32.7,Million pounds
1993,"Lettuce, head/iceberg",Exports,463.568769,Million pounds
1993,"Lettuce, head/iceberg",Total supply,6813.8,Million pounds
1994,"Lettuce, head/iceberg",Exports,438.75608,Million pounds
1994,"Lettuce, head/iceberg",Imports,20.6,Million pounds
1994,"Lettuce, head/iceberg",Per capita availability,25.0066199,Pounds
1994,"Lettuce, head/iceberg",Total supply,7026.4,Million pounds
1994,"Lettuce, head/iceberg",Production,7005.8,Million pounds
1994,"Lettuce, head/iceberg",Current dollars,13.3,U.S. dollars per hundredweight
1994,"Lettuce, head/iceberg",Domestic availability,6587.64392,Million pounds
1994,"Lettuce, head/iceberg",Constant 2017 dollars,20.28768858,U.S. dollars per hundredweight
1995,"Lettuce, head/iceberg",Current dollars,23.5,U.S. dollars per hundredweight
1995,"Lettuce, head/iceberg",Constant 2017 dollars,35.1097366,U.S. dollars per hundredweight
1995,"Lettuce, head/iceberg",Domestic availability,5908.796518,Million pounds
1995,"Lettuce, head/iceberg",Production,6234.9,Million pounds
1995,"Lettuce, head/iceberg",Total supply,6286.7,Million pounds
1995,"Lettuce, head/iceberg",Per capita availability,22.16710316,Pounds
1995,"Lettuce, head/iceberg",Imports,51.8,Million pounds
1995,"Lettuce, head/iceberg",Exports,377.903482,Million pounds
1996,"Lettuce, head/iceberg",Exports,417.451662,Million pounds
1996,"Lettuce, head/iceberg",Imports,28.3,Million pounds
1996,"Lettuce, head/iceberg",Per capita availability,21.57493627,Pounds
1996,"Lettuce, head/iceberg",Total supply,6235.5,Million pounds
1996,"Lettuce, head/iceberg",Production,6207.2,Million pounds
1996,"Lettuce, head/iceberg",Current dollars,14.7,U.S. dollars per hundredweight
1996,"Lettuce, head/iceberg",Domestic availability,5818.048338,Million pounds
1996,"Lettuce, head/iceberg",Constant 2017 dollars,21.56816715,U.S. dollars per hundredweight
1997,"Lettuce, head/iceberg",Constant 2017 dollars,25.23868586,U.S. dollars per hundredweight
1997,"Lettuce, head/iceberg",Domestic availability,6523.038708,Million pounds
1997,"Lettuce, head/iceberg",Current dollars,17.5,U.S. dollars per hundredweight
1997,"Lettuce, head/iceberg",Production,6879.4,Million pounds
1997,"Lettuce, head/iceberg",Total supply,6918.7,Million pounds
1997,"Lettuce, head/iceberg",Per capita availability,23.90161923,Pounds
1997,"Lettuce, head/iceberg",Imports,39.3,Million pounds
1997,"Lettuce, head/iceberg",Exports,395.661292,Million pounds
1998,"Lettuce, head/iceberg",Exports,404.745765,Million pounds
1998,"Lettuce, head/iceberg",Imports,22.9,Million pounds
1998,"Lettuce, head/iceberg",Per capita availability,22.32495241,Pounds
1998,"Lettuce, head/iceberg",Total supply,6569,Million pounds
1998,"Lettuce, head/iceberg",Production,6546.1,Million pounds
1998,"Lettuce, head/iceberg",Current dollars,16.2,U.S. dollars per hundredweight
1998,"Lettuce, head/iceberg",Domestic availability,6164.254235,Million pounds
1998,"Lettuce, head/iceberg",Constant 2017 dollars,23.10918376,U.S. dollars per hundredweight
1999,"Lettuce, head/iceberg",Domestic availability,6956.976941,Million pounds
1999,"Lettuce, head/iceberg",Current dollars,13.3,U.S. dollars per hundredweight
1999,"Lettuce, head/iceberg",Production,7318.1,Million pounds
1999,"Lettuce, head/iceberg",Constant 2017 dollars,18.71025829,U.S. dollars per hundredweight
1999,"Lettuce, head/iceberg",Per capita availability,24.90906368,Pounds
1999,"Lettuce, head/iceberg",Imports,28.9,Million pounds
1999,"Lettuce, head/iceberg",Exports,390.023059,Million pounds
1999,"Lettuce, head/iceberg",Total supply,7347,Million pounds
2000,"Lettuce, head/iceberg",Exports,374.2357419,Million pounds
2000,"Lettuce, head/iceberg",Imports,31.86521372,Million pounds
2000,"Lettuce, head/iceberg",Per capita availability,23.4606631,Pounds
2000,"Lettuce, head/iceberg",Total supply,6999.165214,Million pounds
2000,"Lettuce, head/iceberg",Production,6967.3,Million pounds
2000,"Lettuce, head/iceberg",Current dollars,17.3,U.S. dollars per hundredweight
2000,"Lettuce, head/iceberg",Domestic availability,6624.929472,Million pounds
2000,"Lettuce, head/iceberg",Constant 2017 dollars,23.79347811,U.S. dollars per hundredweight
2001,"Lettuce, head/iceberg",Constant 2017 dollars,24.0639914,U.S. dollars per hundredweight
2001,"Lettuce, head/iceberg",Domestic availability,6558.707445,Million pounds
2001,"Lettuce, head/iceberg",Current dollars,17.9,U.S. dollars per hundredweight
2001,"Lettuce, head/iceberg",Production,6891.7,Million pounds
2001,"Lettuce, head/iceberg",Total supply,6937.497623,Million pounds
2001,"Lettuce, head/iceberg",Per capita availability,22.98808312,Pounds
2001,"Lettuce, head/iceberg",Imports,45.79762286,Million pounds
2001,"Lettuce, head/iceberg",Exports,378.7901782,Million pounds
2002,"Lettuce, head/iceberg",Exports,425.9287876,Million pounds
2002,"Lettuce, head/iceberg",Imports,106.5501356,Million pounds
2002,"Lettuce, head/iceberg",Per capita availability,22.54256417,Pounds
2002,"Lettuce, head/iceberg",Total supply,6920.550136,Million pounds
2002,"Lettuce, head/iceberg",Production,6814,Million pounds
2002,"Lettuce, head/iceberg",Current dollars,21.1,U.S. dollars per hundredweight
2002,"Lettuce, head/iceberg",Domestic availability,6494.621348,Million pounds
2002,"Lettuce, head/iceberg",Constant 2017 dollars,27.94701987,U.S. dollars per hundredweight
2003,"Lettuce, head/iceberg",Domestic availability,6465.357115,Million pounds
2003,"Lettuce, head/iceberg",Current dollars,18.1,U.S. dollars per hundredweight
2003,"Lettuce, head/iceberg",Production,6824.8,Million pounds
2003,"Lettuce, head/iceberg",Constant 2017 dollars,23.50283073,U.S. dollars per hundredweight
2003,"Lettuce, head/iceberg",Per capita availability,22.23150145,Pounds
2003,"Lettuce, head/iceberg",Imports,94.13687717,Million pounds
2003,"Lettuce, head/iceberg",Exports,453.5797622,Million pounds
2003,"Lettuce, head/iceberg",Total supply,6918.936877,Million pounds
2004,"Lettuce, head/iceberg",Exports,476.3715934,Million pounds
2004,"Lettuce, head/iceberg",Imports,92.01880394,Million pounds
2004,"Lettuce, head/iceberg",Per capita availability,21.25802325,Pounds
2004,"Lettuce, head/iceberg",Total supply,6714.818804,Million pounds
2004,"Lettuce, head/iceberg",Production,6622.8,Million pounds
2004,"Lettuce, head/iceberg",Current dollars,16.9,U.S. dollars per hundredweight
2004,"Lettuce, head/iceberg",Domestic availability,6238.447211,Million pounds
2004,"Lettuce, head/iceberg",Constant 2017 dollars,21.37373686,U.S. dollars per hundredweight
2005,"Lettuce, head/iceberg",Domestic availability,6194.16019,Million pounds
2005,"Lettuce, head/iceberg",Current dollars,15.5,U.S. dollars per hundredweight
2005,"Lettuce, head/iceberg",Production,6525.3,Million pounds
2005,"Lettuce, head/iceberg",Constant 2017 dollars,19.0097747,U.S. dollars per hundredweight
2005,"Lettuce, head/iceberg",Per capita availability,20.91306028,Pounds
2005,"Lettuce, head/iceberg",Imports,118.9742341,Million pounds
2005,"Lettuce, head/iceberg",Exports,450.1140445,Million pounds
2005,"Lettuce, head/iceberg",Total supply,6644.274234,Million pounds
2006,"Lettuce, head/iceberg",Domestic availability,5995.980265,Million pounds
2006,"Lettuce, head/iceberg",Current dollars,16.9,U.S. dollars per hundredweight
2006,"Lettuce, head/iceberg",Production,6249.4,Million pounds
2006,"Lettuce, head/iceberg",Constant 2017 dollars,20.10110021,U.S. dollars per hundredweight
2006,"Lettuce, head/iceberg",Per capita availability,20.05372572,Pounds
2006,"Lettuce, head/iceberg",Imports,110.4843086,Million pounds
2006,"Lettuce, head/iceberg",Exports,363.9040438,Million pounds
2006,"Lettuce, head/iceberg",Total supply,6359.884309,Million pounds
2007,"Lettuce, head/iceberg",Exports,353.1745044,Million pounds
2007,"Lettuce, head/iceberg",Imports,155.2896166,Million pounds
2007,"Lettuce, head/iceberg",Per capita availability,18.37563952,Pounds
2007,"Lettuce, head/iceberg",Total supply,5902.689617,Million pounds
2007,"Lettuce, head/iceberg",Production,5747.4,Million pounds
2007,"Lettuce, head/iceberg",Current dollars,21.7,U.S. dollars per hundredweight
2007,"Lettuce, head/iceberg",Domestic availability,5549.515112,Million pounds
2007,"Lettuce, head/iceberg",Constant 2017 dollars,25.12970169,U.S. dollars per hundredweight
2008,"Lettuce, head/iceberg",Constant 2017 dollars,22.84688043,U.S. dollars per hundredweight
2008,"Lettuce, head/iceberg",Domestic availability,5135.705783,Million pounds
2008,"Lettuce, head/iceberg",Production,5295.2,Million pounds
2008,"Lettuce, head/iceberg",Current dollars,20.1,U.S. dollars per hundredweight
2008,"Lettuce, head/iceberg",Per capita availability,16.8495522,Pounds
2008,"Lettuce, head/iceberg",Imports,178.9159163,Million pounds
2008,"Lettuce, head/iceberg",Exports,338.410133,Million pounds
2008,"Lettuce, head/iceberg",Total supply,5474.115916,Million pounds
2009,"Lettuce, head/iceberg",Exports,262.404455,Million pounds
2009,"Lettuce, head/iceberg",Imports,196.105481,Million pounds
2009,"Lettuce, head/iceberg",Per capita availability,16.10626657,Pounds
2009,"Lettuce, head/iceberg",Total supply,5214.105481,Million pounds
2009,"Lettuce, head/iceberg",Production,5018,Million pounds
2009,"Lettuce, head/iceberg",Current dollars,22.4,U.S. dollars per hundredweight
2009,"Lettuce, head/iceberg",Domestic availability,4951.701026,Million pounds
2009,"Lettuce, head/iceberg",Constant 2017 dollars,25.29444313,U.S. dollars per hundredweight
2010,"Lettuce, head/iceberg",Constant 2017 dollars,23.54411453,U.S. dollars per hundredweight
2010,"Lettuce, head/iceberg",Domestic availability,4933.138392,Million pounds
2010,"Lettuce, head/iceberg",Current dollars,21.1,U.S. dollars per hundredweight
2010,"Lettuce, head/iceberg",Production,5012,Million pounds
2010,"Lettuce, head/iceberg",Total supply,5232.342254,Million pounds
2010,"Lettuce, head/iceberg",Per capita availability,15.92664177,Pounds
2010,"Lettuce, head/iceberg",Imports,220.3422539,Million pounds
2010,"Lettuce, head/iceberg",Exports,299.2038614,Million pounds
2011,"Lettuce, head/iceberg",Exports,296.3886719,Million pounds
2011,"Lettuce, head/iceberg",Imports,257.3672616,Million pounds
2011,"Lettuce, head/iceberg",Per capita availability,15.79452117,Pounds
2011,"Lettuce, head/iceberg",Total supply,5223.867262,Million pounds
2011,"Lettuce, head/iceberg",Production,4966.5,Million pounds
2011,"Lettuce, head/iceberg",Current dollars,23,U.S. dollars per hundredweight
2011,"Lettuce, head/iceberg",Domestic availability,4927.47859,Million pounds
2011,"Lettuce, head/iceberg",Constant 2017 dollars,25.14595587,U.S. dollars per hundredweight
2012,"Lettuce, head/iceberg",Domestic availability,5010.617514,Million pounds
2012,"Lettuce, head/iceberg",Current dollars,17.7,U.S. dollars per hundredweight
2012,"Lettuce, head/iceberg",Production,5097.6,Million pounds
2012,"Lettuce, head/iceberg",Constant 2017 dollars,18.99630806,U.S. dollars per hundredweight
2012,"Lettuce, head/iceberg",Per capita availability,15.94886991,Pounds
2012,"Lettuce, head/iceberg",Imports,223.6622969,Million pounds
2012,"Lettuce, head/iceberg",Exports,310.6447832,Million pounds
2012,"Lettuce, head/iceberg",Total supply,5321.262297,Million pounds
2013,"Lettuce, head/iceberg",Exports,292.6670044,Million pounds
2013,"Lettuce, head/iceberg",Imports,236.4227808,Million pounds
2013,"Lettuce, head/iceberg",Per capita availability,14.09683705,Pounds
2013,"Lettuce, head/iceberg",Total supply,4751.422781,Million pounds
2013,"Lettuce, head/iceberg",Production,4515,Million pounds
2013,"Lettuce, head/iceberg",Current dollars,26.7,U.S. dollars per hundredweight
2013,"Lettuce, head/iceberg",Domestic availability,4458.755776,Million pounds
2013,"Lettuce, head/iceberg",Constant 2017 dollars,28.1687169,U.S. dollars per hundredweight
2014,"Lettuce, head/iceberg",Domestic availability,4615.961077,Million pounds
2014,"Lettuce, head/iceberg",Current dollars,24.4,U.S. dollars per hundredweight
2014,"Lettuce, head/iceberg",Production,4591.8,Million pounds
2014,"Lettuce, head/iceberg",Constant 2017 dollars,25.30175453,U.S. dollars per hundredweight
2014,"Lettuce, head/iceberg",Per capita availability,14.48931256,Pounds
2014,"Lettuce, head/iceberg",Imports,292.4835337,Million pounds
2014,"Lettuce, head/iceberg",Exports,268.3224571,Million pounds
2014,"Lettuce, head/iceberg",Total supply,4884.283534,Million pounds
2015,"Lettuce, head/iceberg",Domestic availability,4352.638211,Million pounds
2015,"Lettuce, head/iceberg",Current dollars,29.1,U.S. dollars per hundredweight
2015,"Lettuce, head/iceberg",Production,4310.8,Million pounds
2015,"Lettuce, head/iceberg",Constant 2017 dollars,29.91457385,U.S. dollars per hundredweight
2015,"Lettuce, head/iceberg",Per capita availability,13.56508454,Pounds
2015,"Lettuce, head/iceberg",Imports,302.7702796,Million pounds
2015,"Lettuce, head/iceberg",Exports,260.9320682,Million pounds
2015,"Lettuce, head/iceberg",Total supply,4613.57028,Million pounds
2016,"Lettuce, head/iceberg",Exports,269.2208133,Million pounds
2016,"Lettuce, head/iceberg",Imports,295.4629453,Million pounds
2016,"Lettuce, head/iceberg",Per capita availability,16.86144008,Pounds
2016,"Lettuce, head/iceberg",Total supply,5679.562945,Million pounds
2016,"Lettuce, head/iceberg",Production,5384.1,Million pounds
2016,"Lettuce, head/iceberg",Current dollars,26.7,U.S. dollars per hundredweight
2016,"Lettuce, head/iceberg",Domestic availability,5410.342132,Million pounds
2016,"Lettuce, head/iceberg",Constant 2017 dollars,27.18719453,U.S. dollars per hundredweight
2017,"Lettuce, head/iceberg",Current dollars,35.9,U.S. dollars per hundredweight
2017,"Lettuce, head/iceberg",Constant 2017 dollars,35.9,U.S. dollars per hundredweight
2017,"Lettuce, head/iceberg",Domestic availability,4946.44706,Million pounds
2017,"Lettuce, head/iceberg",Production,4939.55,Million pounds
2017,"Lettuce, head/iceberg",Exports,259.8691398,Million pounds
2017,"Lettuce, head/iceberg",Per capita availability,15.30644754,Pounds
2017,"Lettuce, head/iceberg",Total supply,5206.3162,Million pounds
2017,"Lettuce, head/iceberg",Imports,266.7662002,Million pounds
2018,"Lettuce, head/iceberg",Exports,258.2614386,Million pounds
2018,"Lettuce, head/iceberg",Imports,211.5020828,Million pounds
2018,"Lettuce, head/iceberg",Per capita availability,13.72788396,Pounds
2018,"Lettuce, head/iceberg",Total supply,4722.652083,Million pounds
2018,"Lettuce, head/iceberg",Production,4511.15,Million pounds
2018,"Lettuce, head/iceberg",Current dollars,29.8,U.S. dollars per hundredweight
2018,"Lettuce, head/iceberg",Domestic availability,4464.390644,Million pounds
2018,"Lettuce, head/iceberg",Constant 2017 dollars,29.13285756,U.S. dollars per hundredweight
2019,"Lettuce, head/iceberg",Production,4709.05,Million pounds
2019,"Lettuce, head/iceberg",Constant 2017 dollars,32.2171145,U.S. dollars per hundredweight
2019,"Lettuce, head/iceberg",Domestic availability,4726.055339,Million pounds
2019,"Lettuce, head/iceberg",Current dollars,33.5,U.S. dollars per hundredweight
2019,"Lettuce, head/iceberg",Total supply,4969.279163,Million pounds
2019,"Lettuce, head/iceberg",Per capita availability,14.45612952,Pounds
2019,"Lettuce, head/iceberg",Imports,260.2291635,Million pounds
2019,"Lettuce, head/iceberg",Exports,243.2238245,Million pounds
2020,"Lettuce, head/iceberg",Exports,234.7794827,Million pounds
2020,"Lettuce, head/iceberg",Imports,236.789942,Million pounds
2020,"Lettuce, head/iceberg",Per capita availability,15.47026416,Pounds
2020,"Lettuce, head/iceberg",Total supply,5316.389942,Million pounds
2020,"Lettuce, head/iceberg",Production,5079.6,Million pounds
2020,"Lettuce, head/iceberg",Current dollars,31.8,U.S. dollars per hundredweight
2020,"Lettuce, head/iceberg",Domestic availability,5081.610459,Million pounds
2020,"Lettuce, head/iceberg",Constant 2017 dollars,30.17650408,U.S. dollars per hundredweight
2021,"Lettuce, head/iceberg",Domestic availability,4574.635649,Million pounds
2021,"Lettuce, head/iceberg",Current dollars,27.9,U.S. dollars per hundredweight
2021,"Lettuce, head/iceberg",Constant 2017 dollars,25.32380892,U.S. dollars per hundredweight
2021,"Lettuce, head/iceberg",Production,4573.8,Million pounds
2021,"Lettuce, head/iceberg",Per capita availability,13.85774589,Pounds
2021,"Lettuce, head/iceberg",Imports,238.5564907,Million pounds
2021,"Lettuce, head/iceberg",Exports,237.7208417,Million pounds
2021,"Lettuce, head/iceberg",Total supply,4812.356491,Million pounds
2022,"Lettuce, head/iceberg",Exports,203.0087168,Million pounds
2022,"Lettuce, head/iceberg",Imports,333.0362612,Million pounds
2022,"Lettuce, head/iceberg",Per capita availability,13.71350393,Pounds
2022,"Lettuce, head/iceberg",Total supply,4760.686261,Million pounds
2022,"Lettuce, head/iceberg",Production,4427.65,Million pounds
2022,"Lettuce, head/iceberg",Current dollars,40.7,U.S. dollars per hundredweight
2022,"Lettuce, head/iceberg",Domestic availability,4557.677544,Million pounds
2022,"Lettuce, head/iceberg",Constant 2017 dollars,34.47925315,U.S. dollars per hundredweight
2023,"Lettuce, head/iceberg",Constant 2017 dollars,28.46113583,U.S. dollars per hundredweight
2023,"Lettuce, head/iceberg",Domestic availability,4397.198775,Million pounds
2023,"Lettuce, head/iceberg",Current dollars,34.8,U.S. dollars per hundredweight
2023,"Lettuce, head/iceberg",Production,4365.2,Million pounds
2023,"Lettuce, head/iceberg",Per capita availability,13.15474936,Pounds
2023,"Lettuce, head/iceberg",Imports,245.7336264,Million pounds
2023,"Lettuce, head/iceberg",Exports,213.7348518,Million pounds
2023,"Lettuce, head/iceberg",Total supply,4610.933626,Million pounds
2024,"Lettuce, head/iceberg",Constant 2017 dollars,31.94097308,U.S. dollars per hundredweight
2024,"Lettuce, head/iceberg",Domestic availability,4178.847948,Million pounds
2024,"Lettuce, head/iceberg",Current dollars,40,U.S. dollars per hundredweight
2024,"Lettuce, head/iceberg",Production,4177,Million pounds
2024,"Lettuce, head/iceberg",Per capita availability,12.39824137,Pounds
2024,"Lettuce, head/iceberg",Imports,223.3156082,Million pounds
2024,"Lettuce, head/iceberg",Exports,221.4676605,Million pounds
2024,"Lettuce, head/iceberg",Total supply,4400.315608,Million pounds
1985,"Lettuce, leaf and romaine",Production,778.7,Million pounds
1985,"Lettuce, leaf and romaine",Per capita availability,3.265455033,Pounds
1985,"Lettuce, leaf and romaine",Total supply,778.7,Million pounds
1985,"Lettuce, leaf and romaine",Domestic availability,778.7,Million pounds
1986,"Lettuce, leaf and romaine",Production,571.2,Million pounds
1986,"Lettuce, leaf and romaine",Domestic availability,571.2,Million pounds
1986,"Lettuce, leaf and romaine",Total supply,571.2,Million pounds
1986,"Lettuce, leaf and romaine",Per capita availability,2.373561714,Pounds
1987,"Lettuce, leaf and romaine",Per capita availability,2.524670104,Pounds
1987,"Lettuce, leaf and romaine",Total supply,613,Million pounds
1987,"Lettuce, leaf and romaine",Domestic availability,613,Million pounds
1987,"Lettuce, leaf and romaine",Production,613,Million pounds
1988,"Lettuce, leaf and romaine",Domestic availability,784.2,Million pounds
1988,"Lettuce, leaf and romaine",Production,784.2,Million pounds
1988,"Lettuce, leaf and romaine",Per capita availability,3.200541994,Pounds
1988,"Lettuce, leaf and romaine",Total supply,784.2,Million pounds
1989,"Lettuce, leaf and romaine",Exports,57.9,Million pounds
1989,"Lettuce, leaf and romaine",Imports,23.5,Million pounds
1989,"Lettuce, leaf and romaine",Per capita availability,3.563486994,Pounds
1989,"Lettuce, leaf and romaine",Total supply,939.3,Million pounds
1989,"Lettuce, leaf and romaine",Domestic availability,881.4,Million pounds
1989,"Lettuce, leaf and romaine",Production,915.8,Million pounds
1990,"Lettuce, leaf and romaine",Production,1061.6,Million pounds
1990,"Lettuce, leaf and romaine",Constant 2017 dollars,26.30380899,U.S. dollars per hundredweight
1990,"Lettuce, leaf and romaine",Current dollars,15.6,U.S. dollars per hundredweight
1990,"Lettuce, leaf and romaine",Domestic availability,943.063487,Million pounds
1990,"Lettuce, leaf and romaine",Imports,12.1,Million pounds
1990,"Lettuce, leaf and romaine",Per capita availability,3.770263249,Pounds
1990,"Lettuce, leaf and romaine",Exports,130.636513,Million pounds
1990,"Lettuce, leaf and romaine",Total supply,1073.7,Million pounds
1991,"Lettuce, leaf and romaine",Exports,152.661061,Million pounds
1991,"Lettuce, leaf and romaine",Imports,8.3,Million pounds
1991,"Lettuce, leaf and romaine",Per capita availability,3.996713673,Pounds
1991,"Lettuce, leaf and romaine",Total supply,1165.8,Million pounds
1991,"Lettuce, leaf and romaine",Domestic availability,1013.138939,Million pounds
1991,"Lettuce, leaf and romaine",Production,1157.5,Million pounds
1991,"Lettuce, leaf and romaine",Current dollars,15,U.S. dollars per hundredweight
1991,"Lettuce, leaf and romaine",Constant 2017 dollars,24.46862307,U.S. dollars per hundredweight
1992,"Lettuce, leaf and romaine",Production,1388.7,Million pounds
1992,"Lettuce, leaf and romaine",Constant 2017 dollars,32.95003269,U.S. dollars per hundredweight
1992,"Lettuce, leaf and romaine",Current dollars,20.66,U.S. dollars per hundredweight
1992,"Lettuce, leaf and romaine",Domestic availability,1199.595649,Million pounds
1992,"Lettuce, leaf and romaine",Imports,5.9,Million pounds
1992,"Lettuce, leaf and romaine",Per capita availability,4.669613339,Pounds
1992,"Lettuce, leaf and romaine",Exports,195.004351,Million pounds
1992,"Lettuce, leaf and romaine",Total supply,1394.6,Million pounds
1993,"Lettuce, leaf and romaine",Exports,230.170787,Million pounds
1993,"Lettuce, leaf and romaine",Imports,6.8,Million pounds
1993,"Lettuce, leaf and romaine",Per capita availability,5.041706069,Pounds
1993,"Lettuce, leaf and romaine",Total supply,1542.3,Million pounds
1993,"Lettuce, leaf and romaine",Domestic availability,1312.129213,Million pounds
1993,"Lettuce, leaf and romaine",Production,1535.5,Million pounds
1993,"Lettuce, leaf and romaine",Current dollars,25.35,U.S. dollars per hundredweight
1993,"Lettuce, leaf and romaine",Constant 2017 dollars,39.49274798,U.S. dollars per hundredweight
1994,"Lettuce, leaf and romaine",Constant 2017 dollars,36.48733164,U.S. dollars per hundredweight
1994,"Lettuce, leaf and romaine",Current dollars,23.92,U.S. dollars per hundredweight
1994,"Lettuce, leaf and romaine",Production,1710,Million pounds
1994,"Lettuce, leaf and romaine",Domestic availability,1495.848751,Million pounds
1994,"Lettuce, leaf and romaine",Total supply,1718.9,Million pounds
1994,"Lettuce, leaf and romaine",Imports,8.9,Million pounds
1994,"Lettuce, leaf and romaine",Exports,223.051249,Million pounds
1994,"Lettuce, leaf and romaine",Per capita availability,5.678224506,Pounds
1995,"Lettuce, leaf and romaine",Exports,227.86768,Million pounds
1995,"Lettuce, leaf and romaine",Imports,11.7,Million pounds
1995,"Lettuce, leaf and romaine",Per capita availability,5.894545332,Pounds
1995,"Lettuce, leaf and romaine",Total supply,1799.1,Million pounds
1995,"Lettuce, leaf and romaine",Domestic availability,1571.23232,Million pounds
1995,"Lettuce, leaf and romaine",Production,1787.4,Million pounds
1995,"Lettuce, leaf and romaine",Current dollars,30.1,U.S. dollars per hundredweight
1995,"Lettuce, leaf and romaine",Constant 2017 dollars,44.97034348,U.S. dollars per hundredweight
1996,"Lettuce, leaf and romaine",Current dollars,23,U.S. dollars per hundredweight
1996,"Lettuce, leaf and romaine",Constant 2017 dollars,33.74611186,U.S. dollars per hundredweight
1996,"Lettuce, leaf and romaine",Production,1775.6,Million pounds
1996,"Lettuce, leaf and romaine",Domestic availability,1568.81733,Million pounds
1996,"Lettuce, leaf and romaine",Per capita availability,5.817609607,Pounds
1996,"Lettuce, leaf and romaine",Imports,16.569809,Million pounds
1996,"Lettuce, leaf and romaine",Exports,223.352479,Million pounds
1996,"Lettuce, leaf and romaine",Total supply,1792.169809,Million pounds
1997,"Lettuce, leaf and romaine",Exports,253.32073,Million pounds
1997,"Lettuce, leaf and romaine",Imports,28.605449,Million pounds
1997,"Lettuce, leaf and romaine",Per capita availability,6.594743797,Pounds
1997,"Lettuce, leaf and romaine",Total supply,2053.105449,Million pounds
1997,"Lettuce, leaf and romaine",Domestic availability,1799.784719,Million pounds
1997,"Lettuce, leaf and romaine",Production,2024.5,Million pounds
1997,"Lettuce, leaf and romaine",Current dollars,24.21,U.S. dollars per hundredweight
1997,"Lettuce, leaf and romaine",Constant 2017 dollars,34.91591912,U.S. dollars per hundredweight
1998,"Lettuce, leaf and romaine",Total supply,2108.680773,Million pounds
1998,"Lettuce, leaf and romaine",Constant 2017 dollars,36.23093947,U.S. dollars per hundredweight
1998,"Lettuce, leaf and romaine",Current dollars,25.39861318,U.S. dollars per hundredweight
1998,"Lettuce, leaf and romaine",Production,2076.7,Million pounds
1998,"Lettuce, leaf and romaine",Imports,31.980773,Million pounds
1998,"Lettuce, leaf and romaine",Per capita availability,6.614551013,Pounds
1998,"Lettuce, leaf and romaine",Exports,282.30402,Million pounds
1998,"Lettuce, leaf and romaine",Domestic availability,1826.376753,Million pounds
1999,"Lettuce, leaf and romaine",Current dollars,20.56533367,U.S. dollars per hundredweight
1999,"Lettuce, leaf and romaine",Exports,301.217497,Million pounds
1999,"Lettuce, leaf and romaine",Imports,28.406854,Million pounds
1999,"Lettuce, leaf and romaine",Per capita availability,7.591576494,Pounds
1999,"Lettuce, leaf and romaine",Total supply,2421.506854,Million pounds
1999,"Lettuce, leaf and romaine",Domestic availability,2120.289357,Million pounds
1999,"Lettuce, leaf and romaine",Production,2393.1,Million pounds
1999,"Lettuce, leaf and romaine",Constant 2017 dollars,28.93103043,U.S. dollars per hundredweight
2000,"Lettuce, leaf and romaine",Current dollars,24.23534636,U.S. dollars per hundredweight
2000,"Lettuce, leaf and romaine",Production,2702.4,Million pounds
2000,"Lettuce, leaf and romaine",Constant 2017 dollars,33.3319759,U.S. dollars per hundredweight
2000,"Lettuce, leaf and romaine",Domestic availability,2367.799326,Million pounds
2000,"Lettuce, leaf and romaine",Total supply,2735.164002,Million pounds
2000,"Lettuce, leaf and romaine",Per capita availability,8.385016402,Pounds
2000,"Lettuce, leaf and romaine",Imports,32.76400202,Million pounds
2000,"Lettuce, leaf and romaine",Exports,367.3646755,Million pounds
2001,"Lettuce, leaf and romaine",Exports,390.4441611,Million pounds
2001,"Lettuce, leaf and romaine",Imports,34.58741236,Million pounds
2001,"Lettuce, leaf and romaine",Per capita availability,8.027237482,Pounds
2001,"Lettuce, leaf and romaine",Total supply,2680.687412,Million pounds
2001,"Lettuce, leaf and romaine",Domestic availability,2290.243251,Million pounds
2001,"Lettuce, leaf and romaine",Production,2646.1,Million pounds
2001,"Lettuce, leaf and romaine",Current dollars,22.84702014,U.S. dollars per hundredweight
2001,"Lettuce, leaf and romaine",Constant 2017 dollars,30.71455286,U.S. dollars per hundredweight
2002,"Lettuce, leaf and romaine",Constant 2017 dollars,38.07605269,U.S. dollars per hundredweight
2002,"Lettuce, leaf and romaine",Current dollars,28.74741978,U.S. dollars per hundredweight
2002,"Lettuce, leaf and romaine",Production,3197.4,Million pounds
2002,"Lettuce, leaf and romaine",Domestic availability,2764.061381,Million pounds
2002,"Lettuce, leaf and romaine",Total supply,3231.056626,Million pounds
2002,"Lettuce, leaf and romaine",Per capita availability,9.593943621,Pounds
2002,"Lettuce, leaf and romaine",Imports,33.6566262,Million pounds
2002,"Lettuce, leaf and romaine",Exports,466.9952453,Million pounds
2003,"Lettuce, leaf and romaine",Exports,433.6092759,Million pounds
2003,"Lettuce, leaf and romaine",Imports,33.13972879,Million pounds
2003,"Lettuce, leaf and romaine",Per capita availability,10.82055709,Pounds
2003,"Lettuce, leaf and romaine",Total supply,3580.439729,Million pounds
2003,"Lettuce, leaf and romaine",Domestic availability,3146.830453,Million pounds
2003,"Lettuce, leaf and romaine",Production,3547.3,Million pounds
2003,"Lettuce, leaf and romaine",Current dollars,28.96918783,U.S. dollars per hundredweight
2003,"Lettuce, leaf and romaine",Constant 2017 dollars,37.61645956,U.S. dollars per hundredweight
2004,"Lettuce, leaf and romaine",Current dollars,23.24457986,U.S. dollars per hundredweight
2004,"Lettuce, leaf and romaine",Production,3971.3,Million pounds
2004,"Lettuce, leaf and romaine",Domestic availability,3516.667022,Million pounds
2004,"Lettuce, leaf and romaine",Constant 2017 dollars,29.39784221,U.S. dollars per hundredweight
2004,"Lettuce, leaf and romaine",Per capita availability,11.98333284,Pounds
2004,"Lettuce, leaf and romaine",Imports,35.16552104,Million pounds
2004,"Lettuce, leaf and romaine",Exports,489.7984986,Million pounds
2004,"Lettuce, leaf and romaine",Total supply,4006.465521,Million pounds
2005,"Lettuce, leaf and romaine",Current dollars,25.44506111,U.S. dollars per hundredweight
2005,"Lettuce, leaf and romaine",Production,3297.3,Million pounds
2005,"Lettuce, leaf and romaine",Constant 2017 dollars,31.20676639,U.S. dollars per hundredweight
2005,"Lettuce, leaf and romaine",Domestic availability,2862.902789,Million pounds
2005,"Lettuce, leaf and romaine",Exports,486.3102209,Million pounds
2005,"Lettuce, leaf and romaine",Per capita availability,9.665887992,Pounds
2005,"Lettuce, leaf and romaine",Total supply,3349.213009,Million pounds
2005,"Lettuce, leaf and romaine",Imports,51.91300946,Million pounds
2006,"Lettuce, leaf and romaine",Exports,460.9669434,Million pounds
2006,"Lettuce, leaf and romaine",Imports,61.29701859,Million pounds
2006,"Lettuce, leaf and romaine",Per capita availability,11.98020098,Pounds
2006,"Lettuce, leaf and romaine",Total supply,4042.997019,Million pounds
2006,"Lettuce, leaf and romaine",Domestic availability,3582.030075,Million pounds
2006,"Lettuce, leaf and romaine",Production,3981.7,Million pounds
2006,"Lettuce, leaf and romaine",Current dollars,26.56465831,U.S. dollars per hundredweight
2006,"Lettuce, leaf and romaine",Constant 2017 dollars,31.59638217,U.S. dollars per hundredweight
2007,"Lettuce, leaf and romaine",Domestic availability,3485.881573,Million pounds
2007,"Lettuce, leaf and romaine",Constant 2017 dollars,30.8389558,U.S. dollars per hundredweight
2007,"Lettuce, leaf and romaine",Current dollars,26.63005511,U.S. dollars per hundredweight
2007,"Lettuce, leaf and romaine",Production,3864.9,Million pounds
2007,"Lettuce, leaf and romaine",Imports,74.40335,Million pounds
2007,"Lettuce, leaf and romaine",Total supply,3939.30335,Million pounds
2007,"Lettuce, leaf and romaine",Per capita availability,11.54250451,Pounds
2007,"Lettuce, leaf and romaine",Exports,453.4217769,Million pounds
2008,"Lettuce, leaf and romaine",Production,3555.5,Million pounds
2008,"Lettuce, leaf and romaine",Current dollars,25.05,U.S. dollars per hundredweight
2008,"Lettuce, leaf and romaine",Constant 2017 dollars,28.47335099,U.S. dollars per hundredweight
2008,"Lettuce, leaf and romaine",Domestic availability,3171.955153,Million pounds
2008,"Lettuce, leaf and romaine",Imports,82.5595,Million pounds
2008,"Lettuce, leaf and romaine",Per capita availability,10.40675346,Pounds
2008,"Lettuce, leaf and romaine",Exports,466.104347,Million pounds
2008,"Lettuce, leaf and romaine",Total supply,3638.0595,Million pounds
2009,"Lettuce, leaf and romaine",Production,3420,Million pounds
2009,"Lettuce, leaf and romaine",Current dollars,31.3298538,U.S. dollars per hundredweight
2009,"Lettuce, leaf and romaine",Domestic availability,3073.094613,Million pounds
2009,"Lettuce, leaf and romaine",Constant 2017 dollars,35.3781788,U.S. dollars per hundredweight
2009,"Lettuce, leaf and romaine",Per capita availability,9.995773323,Pounds
2009,"Lettuce, leaf and romaine",Imports,95.611802,Million pounds
2009,"Lettuce, leaf and romaine",Exports,442.517189,Million pounds
2009,"Lettuce, leaf and romaine",Total supply,3515.611802,Million pounds
2010,"Lettuce, leaf and romaine",Constant 2017 dollars,31.91169329,U.S. dollars per hundredweight
2010,"Lettuce, leaf and romaine",Current dollars,28.59894041,U.S. dollars per hundredweight
2010,"Lettuce, leaf and romaine",Production,4039.3,Million pounds
2010,"Lettuce, leaf and romaine",Domestic availability,3720.299189,Million pounds
2010,"Lettuce, leaf and romaine",Imports,103.3360576,Million pounds
2010,"Lettuce, leaf and romaine",Per capita availability,12.0109893,Pounds
2010,"Lettuce, leaf and romaine",Exports,422.3368686,Million pounds
2010,"Lettuce, leaf and romaine",Total supply,4142.636058,Million pounds
2011,"Lettuce, leaf and romaine",Exports,463.6801802,Million pounds
2011,"Lettuce, leaf and romaine",Imports,115.430453,Million pounds
2011,"Lettuce, leaf and romaine",Per capita availability,11.73127018,Pounds
2011,"Lettuce, leaf and romaine",Total supply,4123.530453,Million pounds
2011,"Lettuce, leaf and romaine",Domestic availability,3659.850273,Million pounds
2011,"Lettuce, leaf and romaine",Production,4008.1,Million pounds
2011,"Lettuce, leaf and romaine",Current dollars,32.42997929,U.S. dollars per hundredweight
2011,"Lettuce, leaf and romaine",Constant 2017 dollars,35.45577514,U.S. dollars per hundredweight
2012,"Lettuce, leaf and romaine",Constant 2017 dollars,28.36269715,U.S. dollars per hundredweight
2012,"Lettuce, leaf and romaine",Current dollars,26.4272267,U.S. dollars per hundredweight
2012,"Lettuce, leaf and romaine",Production,4108.1,Million pounds
2012,"Lettuce, leaf and romaine",Domestic availability,3748.139208,Million pounds
2012,"Lettuce, leaf and romaine",Per capita availability,11.93038273,Pounds
2012,"Lettuce, leaf and romaine",Imports,120.8305749,Million pounds
2012,"Lettuce, leaf and romaine",Exports,480.791367,Million pounds
2012,"Lettuce, leaf and romaine",Total supply,4228.930575,Million pounds
2013,"Lettuce, leaf and romaine",Current dollars,34.77507003,U.S. dollars per hundredweight
2013,"Lettuce, leaf and romaine",Exports,482.780071,Million pounds
2013,"Lettuce, leaf and romaine",Imports,169.6989291,Million pounds
2013,"Lettuce, leaf and romaine",Per capita availability,11.42579406,Pounds
2013,"Lettuce, leaf and romaine",Total supply,4096.698929,Million pounds
2013,"Lettuce, leaf and romaine",Domestic availability,3613.918858,Million pounds
2013,"Lettuce, leaf and romaine",Production,3927,Million pounds
2013,"Lettuce, leaf and romaine",Constant 2017 dollars,36.68798138,U.S. dollars per hundredweight
2014,"Lettuce, leaf and romaine",Imports,153.9059133,Million pounds
2014,"Lettuce, leaf and romaine",Current dollars,33.37871651,U.S. dollars per hundredweight
2014,"Lettuce, leaf and romaine",Constant 2017 dollars,34.61229884,U.S. dollars per hundredweight
2014,"Lettuce, leaf and romaine",Production,3766.3,Million pounds
2014,"Lettuce, leaf and romaine",Exports,479.7278627,Million pounds
2014,"Lettuce, leaf and romaine",Total supply,3920.205913,Million pounds
2014,"Lettuce, leaf and romaine",Domestic availability,3440.478051,Million pounds
2014,"Lettuce, leaf and romaine",Per capita availability,10.79951954,Pounds
2015,"Lettuce, leaf and romaine",Exports,431.8673571,Million pounds
2015,"Lettuce, leaf and romaine",Imports,191.4674484,Million pounds
2015,"Lettuce, leaf and romaine",Per capita availability,11.89388765,Pounds
2015,"Lettuce, leaf and romaine",Total supply,4248.267448,Million pounds
2015,"Lettuce, leaf and romaine",Domestic availability,3816.400091,Million pounds
2015,"Lettuce, leaf and romaine",Production,4056.8,Million pounds
2015,"Lettuce, leaf and romaine",Current dollars,46.71686058,U.S. dollars per hundredweight
2015,"Lettuce, leaf and romaine",Constant 2017 dollars,48.02456961,U.S. dollars per hundredweight
2016,"Lettuce, leaf and romaine",Domestic availability,4657.964205,Million pounds
2016,"Lettuce, leaf and romaine",Constant 2017 dollars,36.01262036,U.S. dollars per hundredweight
2016,"Lettuce, leaf and romaine",Current dollars,35.3672742,U.S. dollars per hundredweight
2016,"Lettuce, leaf and romaine",Production,4938,Million pounds
2016,"Lettuce, leaf and romaine",Total supply,5123.792014,Million pounds
2016,"Lettuce, leaf and romaine",Per capita availability,14.41375675,Pounds
2016,"Lettuce, leaf and romaine",Imports,185.7920136,Million pounds
2016,"Lettuce, leaf and romaine",Exports,465.8278086,Million pounds
2017,"Lettuce, leaf and romaine",Exports,462.7061033,Million pounds
2017,"Lettuce, leaf and romaine",Imports,330.3948102,Million pounds
2017,"Lettuce, leaf and romaine",Per capita availability,14.96278746,Pounds
2017,"Lettuce, leaf and romaine",Total supply,5328.69481,Million pounds
2017,"Lettuce, leaf and romaine",Domestic availability,4865.988707,Million pounds
2017,"Lettuce, leaf and romaine",Production,4998.3,Million pounds
2017,"Lettuce, leaf and romaine",Current dollars,49.24100194,U.S. dollars per hundredweight
2017,"Lettuce, leaf and romaine",Constant 2017 dollars,49.24100194,U.S. dollars per hundredweight
2018,"Lettuce, leaf and romaine",Current dollars,36.24267006,U.S. dollars per hundredweight
2018,"Lettuce, leaf and romaine",Production,4635.1,Million pounds
2018,"Lettuce, leaf and romaine",Constant 2017 dollars,35.43129344,U.S. dollars per hundredweight
2018,"Lettuce, leaf and romaine",Domestic availability,4583.331991,Million pounds
2018,"Lettuce, leaf and romaine",Per capita availability,14.01956518,Pounds
2018,"Lettuce, leaf and romaine",Imports,402.3112426,Million pounds
2018,"Lettuce, leaf and romaine",Exports,454.0792518,Million pounds
2018,"Lettuce, leaf and romaine",Total supply,5037.411243,Million pounds
2019,"Lettuce, leaf and romaine",Exports,479.6653325,Million pounds
2019,"Lettuce, leaf and romaine",Imports,528.705161,Million pounds
2019,"Lettuce, leaf and romaine",Per capita availability,15.76154684,Pounds
2019,"Lettuce, leaf and romaine",Total supply,5656.955161,Million pounds
2019,"Lettuce, leaf and romaine",Domestic availability,5177.289828,Million pounds
2019,"Lettuce, leaf and romaine",Production,5128.25,Million pounds
2019,"Lettuce, leaf and romaine",Current dollars,36.90387559,U.S. dollars per hundredweight
2019,"Lettuce, leaf and romaine",Constant 2017 dollars,35.49063837,U.S. dollars per hundredweight
2020,"Lettuce, leaf and romaine",Constant 2017 dollars,53.75863754,U.S. dollars per hundredweight
2020,"Lettuce, leaf and romaine",Current dollars,56.65085224,U.S. dollars per hundredweight
2020,"Lettuce, leaf and romaine",Production,6095.7,Million pounds
2020,"Lettuce, leaf and romaine",Domestic availability,6208.484018,Million pounds
2020,"Lettuce, leaf and romaine",Total supply,6679.294239,Million pounds
2020,"Lettuce, leaf and romaine",Imports,583.594239,Million pounds
2020,"Lettuce, leaf and romaine",Exports,470.8102211,Million pounds
2020,"Lettuce, leaf and romaine",Per capita availability,18.80709208,Pounds
2021,"Lettuce, leaf and romaine",Exports,502.0907649,Million pounds
2021,"Lettuce, leaf and romaine",Imports,691.0874779,Million pounds
2021,"Lettuce, leaf and romaine",Per capita availability,16.46247419,Pounds
2021,"Lettuce, leaf and romaine",Total supply,5973.387478,Million pounds
2021,"Lettuce, leaf and romaine",Domestic availability,5471.296713,Million pounds
2021,"Lettuce, leaf and romaine",Production,5282.3,Million pounds
2021,"Lettuce, leaf and romaine",Current dollars,42.87003767,U.S. dollars per hundredweight
2021,"Lettuce, leaf and romaine",Constant 2017 dollars,38.91156424,U.S. dollars per hundredweight
2022,"Lettuce, leaf and romaine",Domestic availability,5664.706994,Million pounds
2022,"Lettuce, leaf and romaine",Current dollars,69.90492729,U.S. dollars per hundredweight
2022,"Lettuce, leaf and romaine",Production,5384.3,Million pounds
2022,"Lettuce, leaf and romaine",Constant 2017 dollars,59.22038536,U.S. dollars per hundredweight
2022,"Lettuce, leaf and romaine",Total supply,6164.010593,Million pounds
2022,"Lettuce, leaf and romaine",Imports,779.7105934,Million pounds
2022,"Lettuce, leaf and romaine",Exports,499.3035994,Million pounds
2022,"Lettuce, leaf and romaine",Per capita availability,16.94665275,Pounds
2023,"Lettuce, leaf and romaine",Exports,490.9561905,Million pounds
2023,"Lettuce, leaf and romaine",Imports,594.8692677,Million pounds
2023,"Lettuce, leaf and romaine",Per capita availability,17.88082847,Pounds
2023,"Lettuce, leaf and romaine",Total supply,6517.719268,Million pounds
2023,"Lettuce, leaf and romaine",Domestic availability,6026.763077,Million pounds
2023,"Lettuce, leaf and romaine",Production,5922.85,Million pounds
2023,"Lettuce, leaf and romaine",Current dollars,55.05496509,U.S. dollars per hundredweight
2023,"Lettuce, leaf and romaine",Constant 2017 dollars,45.02663332,U.S. dollars per hundredweight
2024,"Lettuce, leaf and romaine",Constant 2017 dollars,42.37189418,U.S. dollars per hundredweight
2024,"Lettuce, leaf and romaine",Current dollars,53.0627468,U.S. dollars per hundredweight
2024,"Lettuce, leaf and romaine",Production,5520.6,Million pounds
2024,"Lettuce, leaf and romaine",Domestic availability,5503.244675,Million pounds
2024,"Lettuce, leaf and romaine",Total supply,6024.184683,Million pounds
2024,"Lettuce, leaf and romaine",Per capita availability,16.16908757,Pounds
2024,"Lettuce, leaf and romaine",Imports,503.5846833,Million pounds
2024,"Lettuce, leaf and romaine",Exports,520.9400083,Million pounds
